tag,patterns,responses
greeting,I want to good morning|Please hi there|greetings|Can you hey?|good evening|good morning|hello|Please good morning|Hi there|Good morning|Good morning please|Can you greetings?|how are you|Hey|Hello|Hi there please|Can you good morning?|Can you good evening?|I want to hello|Please good evening|I want to hi there|I want to hi|Please greetings|I want to greetings|Good evening please|Please hey|Hi|I want to hey|Hey please|hi there|Can you hi there?|Hi please|How are you|hi|Please hello|Good evening|Can you hello?|How are you please|Can you hi?|hey|I want to how are you|Please hi|Greetings please|Can you how are you?|I want to good evening|Please how are you|Greetings|Hello please,Hello!|Hi there!|How can I assist you today?|Good to see you!|Hi! How can I help you?
goodbye,goodbye|Take care|Please goodbye|I want to catch you later|I want to farewell|See you later|Can you farewell?|see you later|Please catch you later|Farewell|I want to see you later|Goodbye please|I want to bye|Please take care|Can you take care?|Bye|I want to goodbye|catch you later|farewell|Take care please|Please bye|Catch you later please|Please see you later|Catch you later|bye|take care|See you later please|Farewell please|Goodbye|I want to take care|Can you see you later?|Can you goodbye?|Can you bye?|Bye please|Can you catch you later?|Please farewell,Goodbye!|See you later!|Have a great day!|Take care!
order_status,I want to i want to track my order|can you tell me the status of my order?|order tracking|I want to track my order|I want to where is my order?|Track my order please|I want to can you tell me the status of my order?|order status|Order tracking please|Can you order tracking?|Please order status|Track my order|Where is my order? please|Can you can you tell me the status of my order??|Please can you tell me the status of my order?|Can you order status?|Where is my order?|Can you tell me the status of my order?|i want to track my order|I want to track my order please|track my order|where is my order?|Please order tracking|Please track my order|Please i want to track my order|Can you where is my order??|Order tracking|Can you track my order?|I want to order status|Can you i want to track my order?|Order status|Order status please|Can you tell me the status of my order? please|I want to order tracking|Please where is my order?,Please provide your order number.|Can you give me your order ID?|I need your order number to check the status.
product_inquiry,Please price of product z|I want to can you give me details about product x?|I'm interested in product Y|Price of product Z|price of product z|I want to i'm interested in product y|i'm interested in product y|Can you what are the features of product y??|What are the features of product Y? please|Can you tell me about product x?|Can you give me details about product X?|I'm interested in product Y please|Can you give me details about product X? please|what are the features of product y?|Tell me about product X please|Can you price of product z?|I'm interested in product y|Price of product z|Tell me about product X|Please tell me about product x|can you give me details about product x?|I want to price of product z|Can you give me details about product x?|What are the features of product Y?|Please can you give me details about product x?|Price of product Z please|I want to tell me about product x|What are the features of product y?|Can you i'm interested in product y?|Can you can you give me details about product x??|I want to what are the features of product y?|Please what are the features of product y?|tell me about product x|Please i'm interested in product y|Tell me about product x,Product X is a [description]. It costs [price].|Product Y has the following features: [features].|The price of product Z is [price].
return_policy,What is your return policy?|How can i return an item?|How can I return an item? please|What are the conditions for returning a product? please|I want to how can i return an item?|What are the conditions for returning a product?|Can you how can i return an item??|I want to what is your return policy?|how can i return an item?|I want to what are the conditions for returning a product?|Can you what is your return policy??|what are the conditions for returning a product?|Please what is your return policy?|Please how can i return an item?|Can you what are the conditions for returning a product??|How can I return an item?|what is your return policy?|What is your return policy? please|Please what are the conditions for returning a product?,Our return policy allows returns within 30 days of purchase.|You can return items within 30 days as long as they are in original condition.
shipping_info,I want to what are the shipping options?|What are the shipping options?|how long does shipping take?|How long does shipping take? please|Please do you offer expedited shipping?|Can you do you offer expedited shipping??|what are the shipping options?|What are the shipping options? please|I want to do you offer expedited shipping?|Please how long does shipping take?|Do you offer expedited shipping?|Do you offer expedited shipping? please|Can you how long does shipping take??|Can you what are the shipping options??|I want to how long does shipping take?|How long does shipping take?|do you offer expedited shipping?|Please what are the shipping options?,"We offer standard and expedited shipping options.|Standard shipping takes 3-5 business days, and expedited shipping takes 1-2 business days."
payment_methods,can i pay with paypal?|Can you do you accept credit cards??|what payment methods do you accept?|What payment methods do you accept?|do you accept credit cards?|Do you accept credit cards?|Can you can i pay with paypal??|Can you what payment methods do you accept??|I want to can i pay with paypal?|Can I pay with PayPal? please|Please what payment methods do you accept?|Please do you accept credit cards?|What payment methods do you accept? please|Can I pay with PayPal?|I want to what payment methods do you accept?|I want to do you accept credit cards?|Can i pay with paypal?|Please can i pay with paypal?|Do you accept credit cards? please,"We accept PayPal, credit cards, and debit cards.|You can pay using Visa, MasterCard, American Express, and PayPal."
discounts_offers,Please are there any discounts available?|Can i apply a discount code?|Are there any discounts available? please|Can you are there any discounts available??|Can I apply a discount code? please|are there any discounts available?|Do you have any current promotions?|Please do you have any current promotions?|Can you can i apply a discount code??|can i apply a discount code?|I want to do you have any current promotions?|Do you have any current promotions? please|Please can i apply a discount code?|Are there any discounts available?|Can I apply a discount code?|Can you do you have any current promotions??|I want to can i apply a discount code?|I want to are there any discounts available?|do you have any current promotions?,We have seasonal discounts and promotions. Check our website for the latest offers.|You can apply discount codes during checkout.
customer_support,How can I contact customer support? please|Can I speak to a representative?|Can I speak to a representative? please|I need help with my order please|Can i speak to a representative?|How can I contact customer support?|Can you how can i contact customer support??|Can you i need help with my order?|how can i contact customer support?|Please i need help with my order|I want to how can i contact customer support?|Please how can i contact customer support?|Can you can i speak to a representative??|I need help with my order|I want to can i speak to a representative?|can i speak to a representative?|i need help with my order|I want to i need help with my order|Please can i speak to a representative?|How can i contact customer support?,You can contact our customer support at support@example.com or call us at 123-456-7890.|Our customer support is available 24/7 to assist you.
technical_issue,I want to i can't place an order|I can't place an order please|Please the website is not working|I can't place an order|Please i'm having technical issues|Can you i'm having technical issues?|I want to the website is not working|i can't place an order|Please i can't place an order|I'm having technical issues please|Can you the website is not working?|I'm having technical issues|i'm having technical issues|The website is not working|The website is not working please|the website is not working|Can you i can't place an order?|I want to i'm having technical issues,"Please try refreshing the page or clearing your browser cache.|If the issue persists, contact our technical support team at techsupport@example.com."
account_help,I want to how can i create an account?|How do I reset my password? please|Please how can i create an account?|Please i forgot my password|I want to how do i reset my password?|I forgot my password|How can i create an account?|How do I reset my password?|How can I create an account?|Can you how do i reset my password??|Can you how can i create an account??|Please how do i reset my password?|how can i create an account?|How do i reset my password?|I want to i forgot my password|i forgot my password|How can I create an account? please|Can you i forgot my password?|I forgot my password please|how do i reset my password?,"You can create an account by clicking on the ""Sign Up"" button on our website.|To reset your password, click on ""Forgot Password"" on the login page."
order_cancellation,how do i cancel my order?|How do i cancel my order?|I want to can i cancel my order?|Is it possible to cancel my order after placing it? please|Can I cancel my order?|Can you how do i cancel my order??|How do I cancel my order?|Is it possible to cancel my order after placing it?|Can I cancel my order? please|can i cancel my order?|Please is it possible to cancel my order after placing it?|Can you can i cancel my order??|Please how do i cancel my order?|I want to how do i cancel my order?|I want to is it possible to cancel my order after placing it?|Please can i cancel my order?|is it possible to cancel my order after placing it?|How do I cancel my order? please|Can you is it possible to cancel my order after placing it??|Can i cancel my order?,"You can cancel your order within 2 hours of placing it by contacting our support team.|After 2 hours, cancellation may not be possible as the order might already be processed."
refund_policy,Please can i get a refund?|I want to how long does it take to get a refund?|What is the refund process?|Can I get a refund? please|what is the refund process?|How long does it take to get a refund?|Can you can i get a refund??|What is the refund process? please|Can I get a refund?|Please how long does it take to get a refund?|how long does it take to get a refund?|can i get a refund?|Please what is the refund process?|How long does it take to get a refund? please|I want to can i get a refund?|I want to what is the refund process?|Can i get a refund?|Can you what is the refund process??|Can you how long does it take to get a refund??,Refunds are processed within 5-7 business days after the return is received.|You can request a refund through our customer support.
delivery_time,I want to how long does delivery take?|Please when will my order arrive?|How long does delivery take? please|when will my order arrive?|Can you when will my order arrive??|Delivery time estimate|I want to when will my order arrive?|Please delivery time estimate|Delivery time estimate please|I want to delivery time estimate|How long does delivery take?|When will my order arrive? please|Can you how long does delivery take??|Please how long does delivery take?|When will my order arrive?|how long does delivery take?|delivery time estimate|Can you delivery time estimate?,Delivery usually takes 3-5 business days for standard shipping.|Expedited shipping takes 1-2 business days.
bulk_orders,I want to do you offer discounts for bulk orders?|how can i place a bulk order?|How can I place a bulk order? please|Can you how can i place a bulk order??|Please do you offer discounts for bulk orders?|bulk order pricing|Bulk order pricing|How can I place a bulk order?|Can you do you offer discounts for bulk orders??|I want to bulk order pricing|do you offer discounts for bulk orders?|Do you offer discounts for bulk orders?|Please how can i place a bulk order?|Can you bulk order pricing?|Please bulk order pricing|I want to how can i place a bulk order?|How can i place a bulk order?|Bulk order pricing please|Do you offer discounts for bulk orders? please,"Yes, we offer discounts for bulk orders. Please contact sales@example.com for more information.|You can place a bulk order by contacting our sales team."
warranty_info,Is there a warranty for product x?|I want to is there a warranty for product x?|How long is the warranty?|Warranty terms|Warranty terms please|how long is the warranty?|How long is the warranty? please|I want to warranty terms|Can you how long is the warranty??|Is there a warranty for product X?|warranty terms|Can you warranty terms?|Please how long is the warranty?|is there a warranty for product x?|Is there a warranty for product X? please|Please is there a warranty for product x?|Can you is there a warranty for product x??|I want to how long is the warranty?|Please warranty terms,Product X comes with a 1-year warranty covering manufacturing defects.|Please refer to our warranty policy for detailed information.
store_location,I want to where are your stores located?|Store location near me|Find a store|Please where are your stores located?|Please find a store|Find a store please|Can you find a store?|find a store|Can you where are your stores located??|Where are your stores located? please|store location near me|Can you store location near me?|Please store location near me|I want to store location near me|Where are your stores located?|Store location near me please|where are your stores located?|I want to find a store,"You can find our store locations on our website under the ""Store Locator"" section.|Please visit our ""Store Locator"" page to find a store near you."
membership_benefits,Can you what are the benefits of membership??|Membership rewards please|Please membership rewards|What are the benefits of membership?|How do I become a member? please|Please what are the benefits of membership?|membership rewards|How do i become a member?|I want to how do i become a member?|Membership rewards|Please how do i become a member?|how do i become a member?|Can you membership rewards?|what are the benefits of membership?|I want to what are the benefits of membership?|I want to membership rewards|How do I become a member?|What are the benefits of membership? please|Can you how do i become a member??,"Members receive exclusive discounts, early access to sales, and special promotions.|You can sign up for membership on our website."
order_modification,Please change order details|I want to change order details|Change order details|how do i modify my order?|Can i change my order?|Can you can i change my order??|I want to can i change my order?|Can you how do i modify my order??|How do I modify my order?|Can I change my order?|Please how do i modify my order?|Change order details please|I want to how do i modify my order?|How do i modify my order?|change order details|Can you change order details?|can i change my order?|Please can i change my order?|Can I change my order? please|How do I modify my order? please,"You can modify your order within 2 hours of placing it by contacting our support team.|After 2 hours, modifications may not be possible."
gift_cards,How can I purchase a gift card?|Please how can i purchase a gift card?|do you offer gift cards?|Do you offer gift cards? please|Can you do you offer gift cards??|Gift card balance please|I want to gift card balance|how can i purchase a gift card?|I want to how can i purchase a gift card?|Can you how can i purchase a gift card??|Gift card balance|I want to do you offer gift cards?|Can you gift card balance?|How can i purchase a gift card?|gift card balance|Do you offer gift cards?|Please do you offer gift cards?|How can I purchase a gift card? please|Please gift card balance,"Yes, we offer gift cards. You can purchase them on our website.|To check your gift card balance, visit our gift card page."
loyalty_program,Please redeem loyalty points|Can you redeem loyalty points?|redeem loyalty points|Please how do i earn points?|How do I earn points? please|what is your loyalty program?|What is your loyalty program? please|I want to what is your loyalty program?|Redeem loyalty points|How do I earn points?|how do i earn points?|Redeem loyalty points please|Can you what is your loyalty program??|What is your loyalty program?|Can you how do i earn points??|I want to redeem loyalty points|How do i earn points?|Please what is your loyalty program?|I want to how do i earn points?,Our loyalty program allows you to earn points on every purchase.|You can redeem points for discounts on future purchases.
product_availability,when will product y be available?|Can you check stock status?|Is product X in stock?|I want to when will product y be available?|Check stock status please|When will product Y be available? please|Can you is product x in stock??|Please check stock status|I want to check stock status|is product x in stock?|Is product X in stock? please|check stock status|When will product Y be available?|When will product y be available?|Please when will product y be available?|Can you when will product y be available??|Check stock status|Please is product x in stock?|I want to is product x in stock?|Is product x in stock?,You can check the availability of product X on our website.|Product Y is expected to be back in stock soon.
contact_info,What is your contact number?|customer service contact|Please how can i email you?|Can you what is your contact number??|Customer service contact please|Please customer service contact|Can you customer service contact?|How can I email you? please|Can you how can i email you??|What is your contact number? please|what is your contact number?|I want to customer service contact|Please what is your contact number?|How can i email you?|I want to how can i email you?|how can i email you?|Customer service contact|How can I email you?|I want to what is your contact number?,"You can contact us at 123-456-7890 or email us at support@example.com.|Our contact details are available on the ""Contact Us"" page."
social_media,Social media links please|I want to what are your social media handles?|social media links|what are your social media handles?|follow us on social media|Social media links|Can you what are your social media handles??|Please follow us on social media|I want to follow us on social media|Please what are your social media handles?|Can you follow us on social media?|I want to social media links|What are your social media handles?|Follow us on social media|Can you social media links?|What are your social media handles? please|Follow us on social media please|Please social media links,"You can follow us on Facebook, Twitter, and Instagram.|Our social media links are available on our website."
newsletter_signup,Benefits of newsletter subscription please|Newsletter subscription|How do i sign up for the newsletter?|Can you benefits of newsletter subscription?|Newsletter subscription please|Benefits of newsletter subscription|how do i sign up for the newsletter?|How do I sign up for the newsletter? please|Can you how do i sign up for the newsletter??|I want to newsletter subscription|I want to how do i sign up for the newsletter?|I want to benefits of newsletter subscription|Please how do i sign up for the newsletter?|Can you newsletter subscription?|Please newsletter subscription|benefits of newsletter subscription|Please benefits of newsletter subscription|newsletter subscription|How do I sign up for the newsletter?,"You can sign up for our newsletter on our website.|Subscribers receive exclusive news, updates, and promotions."
product_return,Return instructions for product y|Return instructions for product Y please|I want to how do i return product x?|Can you return shipping?|How do I return product X?|I want to return shipping|Please how do i return product x?|Return shipping please|Can you how do i return product x??|how do i return product x?|I want to return instructions for product y|return shipping|Please return shipping|Return instructions for product Y|How do i return product x?|Can you return instructions for product y?|Return shipping|How do I return product X? please|Please return instructions for product y|return instructions for product y,You can return product X by following the instructions on our returns page.|Please use the return shipping label provided with your order.
order_confirmation,I want to i didn't receive an order confirmation|Order confirmation email|Can you did my order go through??|did my order go through?|order confirmation email|Please i didn't receive an order confirmation|Can you i didn't receive an order confirmation?|Order confirmation email please|i didn't receive an order confirmation|Did my order go through?|Please order confirmation email|I want to order confirmation email|I didn't receive an order confirmation|Please did my order go through?|I want to did my order go through?|Can you order confirmation email?|Did my order go through? please|I didn't receive an order confirmation please,"You should receive an order confirmation email shortly after placing your order.|If you didn't receive a confirmation, please check your spam folder or contact support."
holiday_hours,what are your holiday hours?|I want to what are your holiday hours?|Store hours during holidays please|are you open on holidays?|What are your holiday hours?|Are you open on holidays? please|Can you are you open on holidays??|Can you what are your holiday hours??|Please what are your holiday hours?|Please are you open on holidays?|I want to store hours during holidays|Can you store hours during holidays?|Please store hours during holidays|store hours during holidays|Are you open on holidays?|What are your holiday hours? please|Store hours during holidays|I want to are you open on holidays?,"Our holiday hours are listed on our website.|Please check our ""Store Hours"" page for holiday hours."
size_guide,Size guide for product X|what size should i order?|How do i know my size?|Can you size guide for product x?|how do i know my size?|What size should i order?|What size should I order? please|I want to size guide for product x|How do I know my size?|Size guide for product X please|Can you how do i know my size??|Can you what size should i order??|Please what size should i order?|What size should I order?|Size guide for product x|I want to what size should i order?|How do I know my size? please|size guide for product x|Please size guide for product x|Please how do i know my size?|I want to how do i know my size?,You can find our size guide on the product page.|Please refer to the size guide to choose the correct size.
order_help,Help with placing an order|i need help with my order|Please help with placing an order|order assistance|Can you order assistance?|I need help with my order please|Can you i need help with my order?|Please order assistance|I want to order assistance|help with placing an order|Can you help with placing an order?|I need help with my order|I want to help with placing an order|I want to i need help with my order|Order assistance please|Please i need help with my order|Help with placing an order please|Order assistance,Our customer support team is here to help you with your order.|Please contact us if you need assistance with your order.
coupon_codes,Current promo codes|do you have any coupon codes?|How do I apply a coupon?|current promo codes|Please how do i apply a coupon?|Do you have any coupon codes? please|How do i apply a coupon?|I want to how do i apply a coupon?|I want to do you have any coupon codes?|Please current promo codes|How do I apply a coupon? please|Can you current promo codes?|Can you do you have any coupon codes??|how do i apply a coupon?|Current promo codes please|Can you how do i apply a coupon??|Please do you have any coupon codes?|Do you have any coupon codes?|I want to current promo codes,You can apply a coupon code at checkout.|Check our website for current promotions and coupon codes.
account_deletion,I want to how do i delete my account?|Can you delete account information?|delete account information|Please remove my account|how do i delete my account?|Can you remove my account?|Delete account information|How do I delete my account?|Remove my account please|I want to delete account information|Remove my account|How do I delete my account? please|I want to remove my account|Please delete account information|Can you how do i delete my account??|Please how do i delete my account?|How do i delete my account?|Delete account information please|remove my account,Please contact customer support to delete your account.|We can assist you with account deletion.
payment_issue,Can you problem with payment?|I want to problem with payment|I want to payment failed|I want to my payment didn't go through|payment failed|Please my payment didn't go through|My payment didn't go through please|my payment didn't go through|Can you my payment didn't go through?|problem with payment|My payment didn't go through|Can you payment failed?|Please payment failed|Problem with payment|Payment failed please|Payment failed|Please problem with payment|Problem with payment please,"Please check your payment details and try again.|If the issue persists, contact our support team for assistance."
order_receipt,request order receipt|Request order receipt|Can I get a copy of my receipt?|Can you request order receipt?|I want to email receipt|Can I get a copy of my receipt? please|I want to request order receipt|Email receipt please|Please request order receipt|Can you email receipt?|Request order receipt please|I want to can i get a copy of my receipt?|Can i get a copy of my receipt?|Can you can i get a copy of my receipt??|email receipt|can i get a copy of my receipt?|Please email receipt|Email receipt|Please can i get a copy of my receipt?,You can request a copy of your receipt by contacting our support team.|We can email you a copy of your order receipt.
product_comparison,Which product is better?|Difference between product A and B|Can you compare product x and y?|Compare product X and Y please|Can you difference between product a and b?|I want to compare product x and y|Difference between product a and b|Please difference between product a and b|Difference between product A and B please|Can you which product is better??|compare product x and y|I want to difference between product a and b|Please which product is better?|Compare product X and Y|Please compare product x and y|Which product is better? please|which product is better?|Compare product x and y|difference between product a and b|I want to which product is better?,Product X has the following features: [features]. Product Y has the following features: [features].|Compare the specifications on our product comparison page.
order_delay,Please why is my order taking so long?|My order is delayed|delay in delivery|Can you my order is delayed?|Why is my order taking so long? please|my order is delayed|Can you why is my order taking so long??|Delay in delivery please|Please delay in delivery|Why is my order taking so long?|I want to why is my order taking so long?|Please my order is delayed|I want to delay in delivery|why is my order taking so long?|Delay in delivery|My order is delayed please|Can you delay in delivery?|I want to my order is delayed,We apologize for the delay. Your order is on its way.|Please check the tracking information for updates on your order.
exchange_policy,can i exchange product x?|Can you exchange process?|Can I exchange product X? please|Can I exchange product X?|Exchange process please|Can you can i exchange product x??|I want to exchange process|Please how to exchange an item|Please exchange process|I want to how to exchange an item|Please can i exchange product x?|How to exchange an item please|exchange process|How to exchange an item|Can i exchange product x?|how to exchange an item|I want to can i exchange product x?|Can you how to exchange an item?|Exchange process,"Yes, you can exchange items within 30 days of purchase.|Please follow the instructions on our exchange page."
custom_orders,How can i order a custom product?|how can i order a custom product?|Can you custom order details?|Do you offer custom orders? please|I want to how can i order a custom product?|do you offer custom orders?|custom order details|I want to custom order details|Can you do you offer custom orders??|Do you offer custom orders?|Please custom order details|How can I order a custom product?|Custom order details|Custom order details please|Please do you offer custom orders?|Please how can i order a custom product?|How can I order a custom product? please|Can you how can i order a custom product??|I want to do you offer custom orders?,"Yes, we offer custom orders. Please contact our sales team for more information.|You can place a custom order by filling out the form on our website."
product_warranty,I want to warranty details|Does product X come with a warranty? please|Please does product x come with a warranty?|I want to warranty coverage|Warranty coverage|I want to does product x come with a warranty?|Warranty details please|Does product X come with a warranty?|Can you warranty coverage?|Please warranty coverage|warranty details|warranty coverage|does product x come with a warranty?|Can you warranty details?|Please warranty details|Warranty coverage please|Can you does product x come with a warranty??|Warranty details|Does product x come with a warranty?,Product X comes with a 1-year warranty covering manufacturing defects.|Please refer to our warranty page for more details.
order_verification,I want to verify my order|Please order verification|I want to check order status|Order verification please|check order status|Can you order verification?|Order verification|I want to order verification|Please verify my order|Verify my order please|Check order status please|order verification|Can you verify my order?|Please check order status|Can you check order status?|Verify my order|Check order status|verify my order,Please provide your order number for verification.|We need your order ID to verify the status.
gift_wrapping,I want to how can i add gift wrapping to my order?|Gift wrapping service please|do you offer gift wrapping?|Please do you offer gift wrapping?|Do you offer gift wrapping? please|Please gift wrapping service|Gift wrapping service|How can I add gift wrapping to my order?|I want to do you offer gift wrapping?|How can I add gift wrapping to my order? please|I want to gift wrapping service|how can i add gift wrapping to my order?|gift wrapping service|How can i add gift wrapping to my order?|Please how can i add gift wrapping to my order?|Can you gift wrapping service?|Can you how can i add gift wrapping to my order??|Can you do you offer gift wrapping??|Do you offer gift wrapping?,"Yes, we offer gift wrapping services. You can add it during checkout.|Gift wrapping options are available on the product page."
customer_feedback,I want to rate your experience|Please how can i leave feedback?|Please customer review|Customer review please|How can I leave feedback? please|Customer review|how can i leave feedback?|Rate your experience|How can i leave feedback?|I want to customer review|Please rate your experience|Can you rate your experience?|rate your experience|How can I leave feedback?|I want to how can i leave feedback?|Can you customer review?|customer review|Rate your experience please|Can you how can i leave feedback??,"You can leave feedback on our website under the ""Reviews"" section.|We appreciate your feedback and suggestions."
order_issue,I want to problem with my order|Please there is an issue with my order|There is an issue with my order please|Can you there is an issue with my order?|Please problem with my order|Problem with my order please|Can you problem with my order?|order arrived damaged|Can you order arrived damaged?|I want to there is an issue with my order|there is an issue with my order|Order arrived damaged please|There is an issue with my order|Problem with my order|I want to order arrived damaged|problem with my order|Please order arrived damaged|Order arrived damaged,We apologize for the inconvenience. Please contact our support team to resolve the issue.|We will assist you with any problems related to your order.
subscription_service,I want to subscription details|Subscribe to product X|Do you offer subscription services?|Subscribe to product X please|do you offer subscription services?|Please subscribe to product x|Can you subscribe to product x?|Please subscription details|I want to do you offer subscription services?|Subscription details|Subscribe to product x|Subscription details please|subscription details|I want to subscribe to product x|Please do you offer subscription services?|Can you do you offer subscription services??|Do you offer subscription services? please|Can you subscription details?|subscribe to product x,"Yes, we offer subscription services for select products.|You can subscribe on the product page to receive regular deliveries."
price_match,Can you match competitor's price?|Can you price match policy?|Price match policy please|Do you offer price matching? please|Match competitor's price|price match policy|Please match competitor's price|do you offer price matching?|Price match policy|match competitor's price|Match competitor's price please|I want to do you offer price matching?|I want to price match policy|Do you offer price matching?|I want to match competitor's price|Please do you offer price matching?|Please price match policy|Can you do you offer price matching??,"Yes, we offer price matching. Please provide proof of the competitor's price.|Our price match policy is available on our website."
faq,where can i find the faq?|Can you where can i find the faq??|common questions|Can you common questions?|frequently asked questions|I want to common questions|Where can I find the FAQ?|Common questions please|Frequently asked questions|Frequently Asked Questions please|Where can i find the faq?|Where can I find the FAQ? please|Please where can i find the faq?|Please common questions|Common questions|Frequently Asked Questions|I want to frequently asked questions|Can you frequently asked questions?|Please frequently asked questions|I want to where can i find the faq?,You can find the FAQ section on our website.|Please visit our FAQ page for answers to common questions.
order_tracking,I want to how do i track my order?|Can you order tracking link?|How do I track my order?|Please order tracking link|How do I track my order? please|Can you track shipment?|Order tracking link|Order tracking link please|track shipment|Please how do i track my order?|order tracking link|Track shipment please|I want to order tracking link|how do i track my order?|I want to track shipment|Track shipment|Please track shipment|How do i track my order?|Can you how do i track my order??,You can track your order using the link provided in your confirmation email.|Enter your order ID on our tracking page to check the status.
