tag,patterns
delivery_time,How long will delivery take?|When should I expect my package to arrive?|How many days does delivery usually take?|What is the estimated arrival date?|How soon can this order reach me?|When will the parcel reach my address?|How long should I wait for delivery?|What is the expected delivery time?|When can I expect the shipment to arrive?|How many days before my order reaches me?|When should this package be delivered?|What is the delivery estimate for this product?|How quickly will my order arrive?|Can you tell me the expected delivery date?|How much time does delivery normally take?
shipping_info,What shipping methods are available?|Which delivery options can I choose?|What shipping services do you offer?|How will my order be shipped?|Do you offer standard and express shipping?|What are my shipping options?|Which shipping method can I select at checkout?|How does your shipping service work?|What delivery methods do you provide?|Can I choose how my order is shipped?|What types of shipping do you offer?|Which carriers or shipping methods are available?|Tell me about your shipping options.|What are the available delivery methods?|How can I choose a shipping method?
order_tracking,Where can I track my package?|How do I track my shipment?|Can you give me the tracking number?|Where is my tracking information?|How can I follow my parcel after it ships?|Is there a tracking link for my order?|Where do I find my shipment tracking details?|Can I track the package online?|How do I check the location of my shipment?|Show me how to track my order.|Where can I see my courier tracking status?|How can I follow the shipment?|Can I get the tracking ID for my order?|Where is the tracking page?|How do I monitor my package in transit?
order_delay,My order is late.|My package has not arrived on time.|Why is my delivery overdue?|My order is past its expected delivery date.|The package should have arrived already.|Why has my shipment been delayed?|My delivery is taking longer than expected.|What can I do about a delayed order?|My package is overdue.|The expected delivery date has passed.|Why hasn't my order arrived yet?|My shipment is late.|My order missed its delivery date.|When will my delayed package arrive?|The delivery is later than promised.
return_policy,Can I return this product?|How many days do I have to return an item?|What are the rules for returning a product?|Under what conditions can I return something?|What is the return window?|Is this product eligible for return?|What requirements apply to returns?|How does your return policy work?|How long do I have to send an item back?|Are there conditions for returning a purchase?|What products can be returned?|What is your policy for product returns?|Can I return an item after receiving it?|How do I know whether an item is returnable?|What are the eligibility rules for a return?
start_return,I want to return this product.|Help me start a return.|I need to initiate a return.|I want to send this item back.|How do I request a return for my order?|Start a return for this item.|I need to open a return request.|I want to begin the return process.|Please help me return this purchase.|How can I create a return request?|I have decided to return the item.|Where do I start a return?|I need to submit a return request.|Can you help me initiate a product return?|I want to send my purchase back.
return_status,I already requested a return. What is its status?|Has my return request been processed?|Where is my return request now?|Can you check the progress of my return?|Is my return still being processed?|What is happening with my existing return?|Has the returned item been received?|Can I track my return request?|When will my return request be completed?|I submitted a return earlier. What is the update?|Has my return been approved?|What is the current status of my return?|Is my return request still pending?|Can you tell me what happened to my return?|Where does my existing return stand?
refund_policy,How do refunds work?|What is your refund procedure?|When do you issue a refund after a return?|How are refunds processed?|What are the rules for receiving a refund?|How does the refund process work?|When is a refund normally issued?|What happens to the payment after I return an item?|How is the refund calculated?|What is your policy on refunds?|How will I receive a refund?|How are returned purchases refunded?|What are the general refund rules?|When does the refund process begin?|Explain your refund process.
refund_status,Where is my refund?|Has my refund been processed?|I am still waiting for my refund.|When will I receive my refund?|Can you check my refund status?|Why haven't I received my refund yet?|Is my refund still pending?|When will the money from my return come back?|Has the refund reached my account?|What is the status of my refund?|My refund has not arrived.|Can you tell me whether my refund was issued?|When should I expect my refund?|Is my refund being processed?|Where is the money from my refund?
payment_methods,What payment methods do you accept?|Can I pay by card?|Do you accept UPI?|Which payment options are available?|Can I use a debit card?|Can I pay with a credit card?|What ways can I pay for my order?|Do you support online payment?|Which payment methods can I use at checkout?|What payment options do you offer?|Can I use UPI to pay?|Do you accept digital payments?|What methods of payment are supported?|Can I pay using a bank card?|What payment choices are available?
cash_on_delivery,Do you offer cash on delivery?|Can I pay when the package arrives?|Can I pay the courier in cash?|Is COD available?|Can I choose cash payment at delivery?|Do I have to pay online or can I pay on delivery?|Is cash payment available for this order?|Can I pay after the product is delivered?|Does this product support cash on delivery?|Will the delivery person accept cash?|Can I select COD at checkout?|Is there a cash-on-delivery option?|Can I pay when my parcel reaches me?|Do you allow payment after delivery?|Can I place an order using COD?
payment_issue,My payment failed.|My card was declined at checkout.|The payment did not go through.|Why was my payment rejected?|I got an error while making the payment.|I cannot complete the payment.|My transaction failed.|Checkout is not accepting my payment.|My payment was unsuccessful.|Why can't I pay for the order?|The payment failed when I tried to place the order.|My card payment isn't working.|I received a payment error.|Why was my transaction declined?|I am unable to complete checkout because of payment.
product_inquiry,Tell me about this product.|What is this item about?|Give me general information about this product.|What should I know before buying this item?|Can you explain this product?|Give me an overview of this product.|What does this product offer?|I want some information about this item.|Can you describe this product?|What is this product used for?|Tell me more about this item.|What should I know about this product?|Can you give me an overview before I buy it?|I want general details about this product.|What can you tell me about this item?
product_availability,Is this product in stock?|Can I buy this item right now?|Do you currently have this product?|Is this item available?|Is there stock available?|Can I order this product today?|How many units are available?|Do you have this item in stock?|Is this product currently available to purchase?|Can I purchase this item now?|Is the product available for order?|Do you have stock left?|Can I buy this product at the moment?|Is this item currently in inventory?|Is the product out of stock?
product_specifications,What are the specifications of this product?|What are the technical details?|What are the main specifications of this item?|Where can I find the product specs?|What are the technical features?|Tell me the important specifications.|What are the dimensions and specifications?|Can you show me the technical details?|What are the key specifications of this product?|Give me the product specifications.|What are the detailed specs?|Tell me the technical specifications before I buy it.|What are the main technical features?|Can I see the specification sheet?|What are the product's technical details?
discounts_offers,Are there any discounts on this product?|Do you have any current offers?|Is this item on sale?|What promotions are available?|Can I get a discount on this purchase?|Are there any deals available?|Do you have a promotion for this product?|Is there a sale running right now?|What offers can I use for this item?|Are there any special deals today?|Can I get a promotional price?|Does this product have a current discount?|What discounts are currently available?|Are there any active promotions?|Is there an offer on this purchase?
order_modification,Can I change my order before it ships?|I need to edit my order.|Can I change the quantity after placing the order?|Can I modify something in my purchase?|I want to update my order.|Can I change an item in my order?|Is it possible to edit my purchase?|Can I modify my order before dispatch?|I need to change the details of my order.|Can I update my order after placing it?|Can I change the quantity in my order?|I want to make a change to an existing order.|Can I edit my purchase before shipping?|How do I modify an existing order?|Can I change something before my order is shipped?
order_cancellation,I want to cancel my order.|Can I cancel the purchase I just made?|How do I cancel an existing order?|I need to stop my order.|Can I cancel before it ships?|Please cancel my purchase.|I changed my mind and want to cancel.|How can I request order cancellation?|Can the order be cancelled before dispatch?|I no longer want this order.|Can I stop the order from being delivered?|Help me cancel this order.|Is cancellation still possible?|I want to cancel an order I placed.|Can you cancel my purchase?
login_problem,I can't sign into my account.|I cannot log in.|The website won't let me log in.|Why am I unable to access my account?|My login is not working.|I keep getting an error when signing in.|I cannot sign in to my account.|The sign-in page is not accepting my details.|I am having trouble logging into my account.|Why can't I access my account?|My account login is failing.|I am unable to sign in.|The login page is giving me an error.|I cannot access my account because login fails.|My sign-in is not working.
customer_support,I want to speak to a real person.|Can you connect me with an agent?|I need help from a human representative.|Can I talk to customer service?|I need to speak with someone from support.|Please connect me to a support agent.|Is there a human I can talk to?|I want a customer service representative.|Can I speak with an actual support person?|I need assistance from an agent.|How do I reach a human representative?|Can someone from support help me?|I want to talk to customer care.|Please connect me with customer support.|I need a real person to help me.
exchange_policy,Can I exchange this product?|How does product exchange work?|Can I exchange this for another size?|What are the rules for exchanging a product?|Is this item eligible for exchange?|Can I replace this item with another one?|What is your exchange policy?|How long do I have to request an exchange?|Can I exchange an item after delivery?|What are the conditions for an exchange?|How do I exchange a product?|Can I get another size instead of returning it?|Is exchange available for this purchase?|What are the requirements for exchanging an item?|Tell me the rules for product exchanges.
store_location,Where is your store?|Where are your physical stores?|Do you have a store near me?|What is your store location?|Where can I find your nearest store?|Are there any stores nearby?|Where is the nearest physical location?|Can you give me your store address?|Do you have a physical shop?|How can I find one of your stores?|Where can I visit your store?|What are your store locations?|Is there a store in my city?|Where is your nearest outlet?|Can I visit your physical store?
